{"chunk_definitions":[{"row":29,"row_count":1,"visible":true,"expansion_state":0,"options":{"engine":"r","label":"unnamed-chunk-54"},"document_id":"82B2968F","chunk_id":"c7c97dnov920d","chunk_label":"unnamed-chunk-2"},{"row":40,"row_count":1,"visible":true,"expansion_state":0,"options":{"engine":"r","results":"hide","warning":false,"message":false,"label":"unnamed-chunk-55"},"document_id":"82B2968F","chunk_id":"c0d541y75j27w","chunk_label":"unnamed-chunk-3"},{"row":55,"row_count":1,"visible":true,"expansion_state":0,"options":{"engine":"r","label":"unnamed-chunk-70"},"document_id":"82B2968F","chunk_id":"cd2rv24e2q9p9","chunk_label":"unnamed-chunk-5"},{"row":79,"row_count":1,"visible":true,"expansion_state":0,"options":{"engine":"r","label":"unnamed-chunk-68"},"document_id":"82B2968F","chunk_id":"cd5jysmiobmdi","chunk_label":"unnamed-chunk-6"},{"row":85,"row_count":1,"visible":true,"expansion_state":0,"options":{"engine":"r","label":"unnamed-chunk-72"},"document_id":"82B2968F","chunk_id":"chpybn8quihq8","chunk_label":"unnamed-chunk-7"},{"row":101,"row_count":1,"visible":true,"expansion_state":0,"options":{"engine":"r","label":"unnamed-chunk-73"},"document_id":"82B2968F","chunk_id":"cs2wqpx0xobcb","chunk_label":"unnamed-chunk-9"},{"row":116,"row_count":1,"visible":true,"expansion_state":0,"options":{"engine":"r","label":"unnamed-chunk-74"},"document_id":"82B2968F","chunk_id":"c2fxbrsqbmqb6","chunk_label":"unnamed-chunk-11"},{"row":122,"row_count":1,"visible":true,"expansion_state":0,"options":{"engine":"r","label":"unnamed-chunk-101"},"document_id":"82B2968F","chunk_id":"c27h81i3s97ty","chunk_label":"unnamed-chunk-12"},{"row":127,"row_count":1,"visible":true,"expansion_state":0,"options":{"engine":"r","label":"unnamed-chunk-75"},"document_id":"82B2968F","chunk_id":"clueavgb2ppe8","chunk_label":"unnamed-chunk-13"},{"row":140,"row_count":1,"visible":true,"expansion_state":0,"options":{"engine":"r","label":"unnamed-chunk-76"},"document_id":"82B2968F","chunk_id":"cohbla2xk5r3y","chunk_label":"unnamed-chunk-15"},{"row":153,"row_count":1,"visible":true,"expansion_state":0,"options":{"engine":"r","label":"unnamed-chunk-102"},"document_id":"82B2968F","chunk_id":"cb12s1vqlf6hi","chunk_label":"unnamed-chunk-16"},{"row":162,"row_count":1,"visible":true,"expansion_state":0,"options":{"engine":"r","label":"unnamed-chunk-77"},"document_id":"82B2968F","chunk_id":"c5o3ozn9saaoh","chunk_label":"unnamed-chunk-17"},{"row":219,"row_count":1,"visible":true,"expansion_state":0,"options":{},"document_id":"82B2968F","chunk_id":"crb1r7bxphcrw","chunk_label":"unnamed-chunk-20"},{"row":224,"row_count":1,"visible":true,"expansion_state":0,"options":{"engine":"r","label":"unnamed-chunk-83"},"document_id":"82B2968F","chunk_id":"csvomi4244eh8","chunk_label":"unnamed-chunk-21"},{"row":234,"row_count":1,"visible":true,"expansion_state":0,"options":{"engine":"r","label":"unnamed-chunk-80"},"document_id":"82B2968F","chunk_id":"c2qgjl9ndq6ae","chunk_label":"unnamed-chunk-22"},{"row":240,"row_count":1,"visible":true,"expansion_state":0,"options":{"engine":"r","label":"unnamed-chunk-84"},"document_id":"82B2968F","chunk_id":"crbzeq2goh90g","chunk_label":"unnamed-chunk-23"},{"row":255,"row_count":1,"visible":true,"expansion_state":0,"options":{"engine":"r","label":"unnamed-chunk-85"},"document_id":"82B2968F","chunk_id":"c1cd1aah5aoi3","chunk_label":"unnamed-chunk-24"},{"row":260,"row_count":1,"visible":true,"expansion_state":0,"options":{"engine":"r","label":"unnamed-chunk-88"},"document_id":"82B2968F","chunk_id":"c9up0wqnu32kc","chunk_label":"unnamed-chunk-25"},{"row":267,"row_count":1,"visible":true,"expansion_state":0,"options":{"engine":"r","label":"unnamed-chunk-89"},"document_id":"82B2968F","chunk_id":"c0253nz2wpdt8","chunk_label":"unnamed-chunk-26"},{"row":271,"row_count":1,"visible":true,"expansion_state":0,"options":{"engine":"r","label":"unnamed-chunk-90"},"document_id":"82B2968F","chunk_id":"cz6nb2rcjnqhy","chunk_label":"unnamed-chunk-27"},{"row":284,"row_count":1,"visible":true,"expansion_state":0,"options":{"engine":"r","label":"unnamed-chunk-92"},"document_id":"82B2968F","chunk_id":"cgnhye5h0y3zo","chunk_label":"unnamed-chunk-29"},{"row":339,"row_count":1,"visible":true,"expansion_state":0,"options":{"engine":"r","label":"unnamed-chunk-93"},"document_id":"82B2968F","chunk_id":"clb43cf83vqob","chunk_label":"unnamed-chunk-31"},{"row":373,"row_count":1,"visible":true,"expansion_state":0,"options":{"engine":"r","label":"unnamed-chunk-95"},"document_id":"82B2968F","chunk_id":"c297xcqtcr0ay","chunk_label":"unnamed-chunk-32"},{"row":378,"row_count":1,"visible":true,"expansion_state":0,"options":{"engine":"r","label":"unnamed-chunk-94"},"document_id":"82B2968F","chunk_id":"cudvfkm5oeu2d","chunk_label":"unnamed-chunk-33"},{"row":388,"row_count":1,"visible":true,"expansion_state":0,"options":{"engine":"r","label":"unnamed-chunk-98"},"document_id":"82B2968F","chunk_id":"cneawzr9298l8","chunk_label":"unnamed-chunk-34"},{"row":394,"row_count":1,"visible":true,"expansion_state":0,"options":{"engine":"r","label":"unnamed-chunk-97"},"document_id":"82B2968F","chunk_id":"c7ftr53hhfrj8","chunk_label":"unnamed-chunk-35"},{"row":473,"row_count":1,"visible":true,"expansion_state":0,"options":{"engine":"r","label":"unnamed-chunk-99"},"document_id":"82B2968F","chunk_id":"chqyhritnwp1e","chunk_label":"unnamed-chunk-38"},{"row":483,"row_count":1,"visible":true,"expansion_state":0,"options":{"engine":"r","label":"unnamed-chunk-100"},"document_id":"82B2968F","chunk_id":"c7fycrjmelym3","chunk_label":"unnamed-chunk-39"}],"doc_write_time":1682101190,"chunk_rendered_width":520}