Year,Species,February,March,April,May,June,July,August,September,October,November,December,January
2022,Callipepla gambelii,0,0,0,0,0,0,0,1,0,0,0,0
,Callipepla squamata,0,0,0,1,1,1,0,0,0,0,0,0
,Campylorhynchus brunneicapillus,1,1,0,0,1,1,0,0,0,0,0,0
,Zonotrichia leucophrys,1,0,0,0,0,0,0,0,0,0,0,0
,Canis latrans,0,0,0,0,0,0,0,0,0,0,0,0
,Vulpes macrotis,0,0,0,0,1,2,0,0,0,0,0,0
,Tayassu tajacu,0,0,0,0,1,0,0,1,0,0,0,0
,Amphispiza bilineata,1,0,1,1,2,1,0,0,0,0,0,0
,Lanius ludovicianus,0,0,1,1,0,0,0,0,0,0,0,0
,Passer domesticus,0,0,0,1,0,0,0,0,0,0,0,0
,Buteo jamaicensis,0,0,0,0,0,0,0,0,0,0,0,0
,Eumeces obsoletus,0,0,1,0,0,0,0,0,0,0,0,0
,Zenaida macroura,0,2,2,0,0,0,0,0,0,0,0,0
,Aspidoscelis sonorae,0,0,0,0,0,0,0,0,0,0,0,0
,Chiroptera,0,0,0,0,0,0,0,0,0,0,0,0
,Aspidoscelis burti,0,0,0,0,1,0,0,0,0,0,0,0
,Lacertilia,0,0,4,0,0,0,0,0,0,0,0,0
,Aspidoscelis,0,0,2,0,0,0,0,0,0,0,0,0
,Serpentes,0,0,0,0,0,0,0,0,0,0,0,0
,Anura,0,0,0,0,0,0,0,0,0,0,0,0
,Sparrow,0,0,0,0,0,0,1,0,0,0,0,0
,Masticophis flagellum,0,0,1,0,0,0,0,0,0,0,0,0
,Pooecetes gramineus,1,1,0,0,0,0,0,0,0,0,0,0
,Pituophis catenifer affinis,0,0,0,0,0,0,1,0,0,0,0,0
