Month,Species ,Frequency
January,N/A,0
February,Campylorhynchus brunneicapillus,2
February,Canis latrans,1
February,Zonotrichia leucophrys,2
February,Amphispiza bilineata,1
February,Pooecetes gramineus,1
March,N/A,0
April,Amphispiza bilineata,1
April,Lanius ludovicianus,1
April,Eumeces obsoletus,1
April,Zenaida macroura,2
April,Lacertilia,4
April,Aspidoscelis,2
April,Masticophis flagellum,1
May,Callipepla squamata,1
May,Amphispiza bilineata,1
May,Lanius ludovicianus,1
May,Passer domesticus,1
June,Callipepla squamata,1
June,Campylorhynchus brunneicapillus,1
June,Vulpes macrotis,1
June,Tayassu tajacu,1
June,Amphispiza bilineata,2
June,Aspidoscelis burti,1
July,Callipepla squamata,1
July,Vulpes macrotis,2
July,Campylorhynchus brunneicapillus,1
July,Amphispiza bilineata,1
August,Pituophis catenifer affinis,1
August ,Sparrow,1
September,Eumeces obsoletus,1
September,Zenaida macroura,3
September,Aspidoscelis burti,1
September,Lacertilia,7
September,Aspidoscelis ,4
September,Callipepla gambelii,1
September,Tayassu tajacu,1
October,Campylorhynchus brunneicapillus,1
October,Vulpes macrotis,1
October,Zenaida macroura,4
October,Aspidoscelis sonorae,1
October,Lacertilia,2
October,Aspidoscelis,1
October,Anura,1
November,Callipepla gambelii,1
November,Zonotrichia leucophrys,1
November,Vulpes macrotis,4
November,Lacertilia,1
December,Vulpes macrotis,3
December,Passer domesticus,1
December,Pooecetes gramineus,1
December,Zonotrichia leucophrys,1
January,N/A,0
