Month,Species  ,Frequency 
1,Callipepla gambelii,6
1,Campylorhynchus brunneicapillus,1
1,Canis latrans,3
1,Vulpes macrotis,6
1,Tayassu tajacu,4
1,Zenaida macroura,3
1,Lacertilia,1
1,Serpentes,1
1,Gopherus morafkai,4
1,Odocoileus hemionus,1
1,Crotalus atrox,1
1,Taxidea taxus,1
2,Vulpes macrotis,2
2,Tayassu tajacu,1
2,Zenaida macroura,6
2,Gopherus morafkai,3
2,Odocoileus hemionus,1
2,Taxidea taxus,1
3,Pooecetes gramineus,5
3,Canis latrans,1
3,Aspidoscelis ,1
3,Amphispiza bilineata,1
4,Canis latrans,3
4,Callipepla gambelii,2
4,Callipepla squamata,1
4,Campylorhynchus brunneicapillus,1
4,Vulpes macrotis,2
4,Zenaida macroura,2
4,Lacertilia,1
4,Aspidoscelis ,4
4,Sparrow,3
4,Pooecetes gramineus,5
4,Amphispiza bilineata,2
10,Callipepla gambelii,1
10,Vulpes macrotis,1
11,Vulpes macrotis,2
11,Pooecetes gramineus,1
12,Canis latrans,1
