Year ,Species ,January,February,March,April,May,June,July,August ,September,October,November,December 
2021,Callipepla gambelii,6,0,0,0,0,0,0,0,0,1,0,0
2021,Callipepla squamata,0,0,0,0,0,0,0,0,0,0,0,0
2021,Campylorhynchus brunneicapillus,1,0,0,0,0,0,0,0,0,0,0,0
2021,Canis latrans,1,0,0,1,0,0,0,0,0,0,0,0
2021,Vulpes macrotis,2,1,0,0,0,0,0,0,0,1,2,0
2021,Tayassu tajacu,4,1,0,0,0,0,0,0,0,0,0,0
2021,Amphispiza bilineata,0,0,0,0,0,0,0,0,0,0,0,0
2021,Zenaida macroura,2,1,0,0,0,0,0,0,0,0,0,0
2021,Lacertilia,1,0,0,0,0,0,0,0,0,0,0,0
2021,Aspidoscelis,0,0,0,0,0,0,0,0,0,0,0,0
2021,Serpentes,0,1,0,0,0,0,0,0,0,0,0,0
2021,Sparrow,0,0,0,0,0,0,0,0,0,0,0,0
2021,Pooecetes gramineus,0,0,1,0,0,0,0,0,0,0,1,0
2021,Gopherus morafkai,4,3,0,0,0,0,0,0,0,0,0,0
2021,Odocoileus virginianus couesi,1,1,0,0,0,0,0,0,0,0,0,0
2021,Crotalus atrox,1,0,,,,,,,,,,
2021,Canis,,,,,,,,,,,,
2021,Taxidea taxus,1,1,0,0,0,0,0,0,0,0,0,0
2022,Callipepla gambelii,0,0,0,2,,0,0,0,0,0,0,0
2022,Callipepla squamata,0,0,0,1,0,0,0,0,0,0,0,0
2022,Campylorhynchus brunneicapillus,0,1,0,1,0,0,0,0,0,0,0,0
2022,Canis latrans,1,0,1,2,0,0,0,0,0,0,0,1
2022,Vulpes macrotis,2,1,0,2,0,0,0,0,0,0,0,0
2022,Tayassu tajacu,0,0,0,0,0,0,0,0,0,0,0,0
2022,Amphispiza bilineata,0,0,0,0,0,0,0,0,0,0,0,0
2022,Zenaida macroura,1,4,0,2,0,0,0,0,0,0,0,0
2022,Lacertilia,0,0,0,1,0,0,0,0,0,0,0,0
2022,Aspidoscelis,0,0,1,4,0,0,0,0,0,0,0,0
2022,Serpentes,0,0,0,0,0,0,0,0,0,0,0,0
2022,Sparrow,0,0,0,3,0,0,0,0,0,0,0,0
2022,Pooecetes gramineus,0,0,4,5,0,0,0,0,0,0,0,0
2022,Gopherus morafkai,0,0,0,0,0,0,0,0,0,0,0,0
2022,Odocoileus virginianus couesi,0,0,0,0,0,0,0,0,0,0,0,0
2022,Taxidea taxus,0,0,0,0,0,0,0,0,0,0,0,0
2022,Mephitis mephitis,0,1,0,0,0,0,0,0,0,0,0,0
2022,Canis,0,0,0,0,0,0,0,0,0,0,0,0
2022,Amphispiza bilineata,0,0,1,2,0,0,0,0,0,0,0,0
2023,Lynx rufus,1,0,0,0,0,0,0,0,0,0,0,0
2023,Vulpes macrotis,2,0,0,0,0,0,0,0,0,0,0,0
2023,Canis latrans,1,0,0,0,0,0,0,0,0,0,0,0
2023,Zenaida macroura,0,1,0,0,0,0,0,0,0,0,0,0
,   ,,,,,,,,,,,,
