Month ,Species  ,Frequency ,,,Year ,Species ,January,February,March,April,May,June,July,August ,September,October,November,December 
1,Callipepla gambelii,6,,,2021,Callipepla gambelii,6,0,0,0,0,0,0,0,0,1,0,0
1,Campylorhynchus brunneicapillus,1,,,2021,Callipepla squamata,0,0,0,0,0,0,0,0,0,0,0,0
1,Canis latrans,3,,,2021,Campylorhynchus brunneicapillus,1,0,0,0,0,0,0,0,0,0,0,0
1,Vulpes macrotis,6,,,2021,Canis latrans,1,0,0,1,0,0,0,0,0,0,0,0
1,Tayassu tajacu,4,,,2021,Vulpes macrotis,2,1,0,0,0,0,0,0,0,1,2,0
1,Zenaida macroura,3,,,2021,Tayassu tajacu,4,1,0,0,0,0,0,0,0,0,0,0
1,Lacertilia,1,,,2021,Amphispiza bilineata,0,0,0,0,0,0,0,0,0,0,0,0
1,Serpentes,1,,,2021,Zenaida macroura,2,1,0,0,0,0,0,0,0,0,0,0
1,Gopherus morafkai,4,,,2021,Lacertilia,1,0,0,0,0,0,0,0,0,0,0,0
1,Odocoileus hemionus,1,,,2021,Aspidoscelis,0,0,0,0,0,0,0,0,0,0,0,0
1,Crotalus atrox,1,,,,,,,,,,,,,,,,
1,Taxidea taxus,1,,,2021,Serpentes,0,1,0,0,0,0,0,0,0,0,0,0
2,Vulpes macrotis,2,,,2021,Sparrow,0,0,0,0,0,0,0,0,0,0,0,0
2,Tayassu tajacu,1,,,2021,Pooecetes gramineus,0,0,1,0,0,0,0,0,0,0,1,0
2,Zenaida macroura,6,,,2021,Gopherus morafkai,4,3,0,0,0,0,0,0,0,0,0,0
2,Gopherus morafkai,3,,,2021,Odocoileus hemionus,1,2,0,0,0,0,0,0,0,0,0,0
2,Odocoileus hemionus,2,,,2021,Crotalus atrox,1,0,,,,,,,,,,
2,Taxidea taxus,1,,,2021,Canis,,,,,,,,,,,,
3,Pooecetes gramineus,1,,,2021,Taxidea taxus,1,1,0,0,0,0,0,0,0,0,0,0
3,Canis latrans,1,,,2022,Callipepla gambelii,0,0,0,2,,0,0,0,0,0,0,0
3,Aspidoscelis ,1,,,2022,Callipepla squamata,0,0,0,1,0,0,0,0,0,0,0,0
3,Pooecetes gramineus,4,,,2022,Campylorhynchus brunneicapillus,0,1,0,1,0,0,0,0,0,0,0,0
3,Amphispiza bilineata,1,,,2022,Canis latrans,1,0,1,2,0,0,0,0,0,0,0,1
4,Canis latrans,3,,,2022,Vulpes macrotis,2,1,0,2,0,0,0,0,0,0,0,0
,,,,,2022,Tayassu tajacu,0,0,0,0,0,0,0,0,0,0,0,0
,,,,,2022,Amphispiza bilineata,0,0,0,0,0,0,0,0,0,0,0,0
,,,,,2022,Zenaida macroura,1,4,0,2,0,0,0,0,0,0,0,0
,,,,,2022,Lacertilia,0,0,0,1,0,0,0,0,0,0,0,0
,,,,,2022,Aspidoscelis,0,0,1,4,0,0,0,0,0,0,0,0
,,,,,2022,Serpentes,0,0,0,0,0,0,0,0,0,0,0,0
,,,,,2022,Sparrow,0,0,0,3,0,0,0,0,0,0,0,0
,,,,,2022,Pooecetes gramineus,0,0,4,5,0,0,0,0,0,0,0,0
,,,,,2022,Gopherus morafkai,0,0,0,0,0,0,0,0,0,0,0,0
,,,,,2022,Odocoileus hemionus,0,0,0,0,0,0,0,0,0,0,0,0
,,,,,2022,Taxidea taxus,0,0,0,0,0,0,0,0,0,0,0,0
,,,,,2022,Mephitis mephitis,0,1,0,0,0,0,0,0,0,0,0,0
,,,,,2022,Canis,,,,,,,,,,,,
,,,,,2022,Amphispiza bilineata,0,0,1,2,0,0,0,0,0,0,0,0
,,,,,2023,Lynx rufus,1,0,0,0,0,0,0,0,0,0,0,0
,,,,,2023,Vulpes macrotis,2,0,0,0,0,0,0,0,0,0,0,0
,,,,,2023,Canis latrans,1,0,0,0,0,0,0,0,0,0,0,0
,,,,,2023,Zenaida macroura,0,1,0,0,0,0,0,0,0,0,0,0
,,,,,2023,Canis     ,,,,,,,,,,,,
