Year ,Species ,February,March,April,May,June,July,August,September,October,November,December ,January 
2019,Callipepla gambelii,0,0,0,0,0,0,0,0,0,1,0,0
2019,Callipepla squamata,0,0,0,0,0,0,0,0,0,0,0,0
2019,Campylorhynchus brunneicapillus,1,0,0,0,0,0,0,0,0,0,0,0
2019,Zonotrichia leucophrys,0,0,0,0,0,0,0,0,0,1,0,0
2019,Canis latrans,1,0,0,0,0,0,0,0,0,0,0,0
2019,Vulpes macrotis,0,0,0,0,0,0,0,0,0,1,2,0
2019,Tayassu tajacu,0,0,0,0,0,0,0,0,0,0,0,0
2019,Amphispiza bilineata,0,0,0,0,0,0,0,0,0,0,0,0
2019,Lanius ludovicianus,0,0,0,0,0,0,0,0,0,0,0,0
2019,Passer domesticus,0,0,0,0,0,0,0,0,0,0,1,0
2019,Buteo jamaicensis,0,1,0,0,0,0,0,0,0,0,0,0
2019,Eumeces obsoletus,0,0,0,0,0,0,0,0,0,0,0,0
2019,Zenaida macroura,0,0,0,0,0,0,0,0,0,0,0,0
2019,Aspidoscelis sonorae,0,0,0,0,0,0,0,0,0,0,0,0
2019,Chiroptera,0,0,0,0,0,0,0,0,0,0,0,0
2019,Aspidoscelis burti,0,0,0,0,0,0,0,0,0,0,0,0
2019,Lacertilia,0,0,0,0,0,0,0,0,0,0,0,0
2019,Aspidoscelis,0,0,0,0,0,0,0,0,0,0,0,0
2019,Serpentes,0,0,0,0,0,0,0,0,0,0,0,0
2019,Anura,0,0,0,0,0,0,0,0,0,0,0,0
2019,Sparrow,0,0,0,0,0,0,0,0,0,0,0,0
2019,Masticophis flagellum,0,0,0,0,0,0,0,0,0,0,0,0
2019,Pooecetes gramineus,0,0,0,0,0,0,0,0,0,0,1,0
2019,Pituophis catenifer affinis,0,0,0,0,0,0,0,0,0,0,0,0
2020,Callipepla gambelii,0,0,0,0,0,0,0,0,0,0,0,0
2020,Callipepla squamata,0,0,0,0,0,0,0,0,0,0,0,0
2020,Campylorhynchus brunneicapillus,0,0,0,0,0,0,0,0,0,0,0,0
2020,Zonotrichia leucophrys,1,0,0,0,0,0,0,0,0,0,0,0
2020,Canis latrans,0,0,0,0,0,0,0,0,0,0,0,0
2020,Vulpes macrotis,0,0,0,0,0,0,0,0,0,0,0,0
2020,Tayassu tajacu,0,0,0,0,0,0,0,0,0,0,0,0
2020,Amphispiza bilineata,0,2,0,0,0,0,0,0,0,0,0,0
2020,Lanius ludovicianus,0,0,0,0,0,0,0,0,0,0,0,0
2020,Passer domesticus,0,0,0,0,0,0,0,0,0,0,0,0
2020,Buteo jamaicensis,0,0,0,0,0,0,0,0,0,0,0,0
2020,Eumeces obsoletus,0,0,0,0,0,0,0,0,0,0,0,0
2020,Zenaida macroura,0,0,0,0,0,0,0,0,0,0,0,0
2020,Aspidoscelis sonorae,0,0,0,0,0,0,0,0,0,0,0,0
2020,Chiroptera,0,1,0,0,0,0,0,0,0,0,0,0
2020,Aspidoscelis burti,0,0,0,0,0,0,0,0,0,0,0,0
2020,Lacertilia,0,0,0,0,0,0,0,0,0,0,0,0
2020,Aspidoscelis,0,0,0,0,0,0,0,0,0,0,0,0
2020,Serpentes,0,0,0,0,0,0,0,0,0,0,0,0
2020,Anura,0,0,0,0,0,0,0,0,0,0,0,0
2020,Sparrow,0,0,0,0,0,0,0,0,0,0,0,0
2020,Masticophis flagellum,0,0,0,0,0,0,0,0,0,0,0,0
2020,Pooecetes gramineus,0,0,0,0,0,0,0,0,0,0,0,0
2020,Pituophis catenifer affinis,0,0,0,0,0,0,0,0,0,0,0,0
2021,Callipepla gambelii,0,0,0,0,0,0,0,0,0,0,0,0
2021,Callipepla squamata,0,0,0,0,0,0,0,0,0,0,0,0
2021,Campylorhynchus brunneicapillus,0,0,0,0,0,0,0,0,1,0,0,0
2021,Zonotrichia leucophrys,0,0,0,0,0,0,0,0,0,0,1,0
2021,Canis latrans,0,0,0,0,0,0,0,0,0,0,0,0
2021,Vulpes macrotis,0,0,0,0,0,0,0,0,1,3,1,0
2021,Tayassu tajacu,0,0,0,0,0,0,0,0,0,0,0,0
2021,Amphispiza bilineata,0,0,0,0,0,0,0,0,0,0,0,0
2021,Lanius ludovicianus,0,0,0,0,0,0,0,0,0,0,0,0
2021,Passer domesticus,0,0,0,0,0,0,0,0,0,0,0,0
2021,Buteo jamaicensis,0,0,0,0,0,0,0,0,0,0,0,0
2021,Eumeces obsoletus,0,0,0,0,0,0,0,1,0,0,0,0
2021,Zenaida macroura,0,0,0,0,0,0,0,3,4,0,0,0
2021,Aspidoscelis sonorae,0,0,0,0,0,0,0,0,1,0,0,0
2021,Chiroptera,0,0,0,0,0,0,0,0,0,0,0,0
2021,Aspidoscelis burti,0,0,0,0,0,0,0,1,0,0,0,0
2021,Lacertilia,0,0,0,0,0,0,0,7,2,1,0,0
2021,Aspidoscelis,0,0,0,0,0,0,0,4,1,0,0,0
2021,Serpentes,0,0,0,0,0,0,0,0,0,0,0,0
2021,Anura,0,0,0,0,0,0,0,0,1,0,0,0
2021,Sparrow,0,0,0,0,0,0,0,0,0,0,0,0
2021,Masticophis flagellum,0,0,0,0,0,0,0,0,0,0,0,0
2021,Pooecetes gramineus,0,0,0,0,0,0,0,0,0,0,0,0
2021,Pituophis catenifer affinis,0,0,0,0,0,0,0,0,0,0,0,0
2022,Callipepla gambelii,0,0,0,0,0,0,0,1,0,0,0,0
2022,Callipepla squamata,0,0,0,1,1,1,0,0,0,0,0,0
2022,Campylorhynchus brunneicapillus,1,1,0,0,1,1,0,0,0,0,0,0
2022,Zonotrichia leucophrys,1,0,0,0,0,0,0,0,0,0,0,0
2022,Canis latrans,0,0,0,0,0,0,0,0,0,0,0,0
2022,Vulpes macrotis,0,0,0,0,1,2,0,0,0,0,0,0
2022,Tayassu tajacu,0,0,0,0,1,0,0,1,0,0,0,0
2022,Amphispiza bilineata,1,0,1,1,2,1,0,0,0,0,0,0
2022,Lanius ludovicianus,0,0,1,1,0,0,0,0,0,0,0,0
2022,Passer domesticus,0,0,0,1,0,0,0,0,0,0,0,0
2022,Buteo jamaicensis,0,0,0,0,0,0,0,0,0,0,0,0
2022,Eumeces obsoletus,0,0,1,0,0,0,0,0,0,0,0,0
2022,Zenaida macroura,0,2,2,0,0,0,0,0,0,0,0,0
2022,Aspidoscelis sonorae,0,0,0,0,0,0,0,0,0,0,0,0
2022,Chiroptera,0,0,0,0,0,0,0,0,0,0,0,0
2022,Aspidoscelis burti,0,0,0,0,1,0,0,0,0,0,0,0
2022,Lacertilia,0,0,4,0,0,0,0,0,0,0,0,0
2022,Aspidoscelis,0,0,2,0,0,0,0,0,0,0,0,0
2022,Serpentes,0,0,0,0,0,0,0,0,0,0,0,0
2022,Anura,0,0,0,0,0,0,0,0,0,0,0,0
2022,Sparrow,0,0,0,0,0,0,1,0,0,0,0,0
2022,Masticophis flagellum,0,0,1,0,0,0,0,0,0,0,0,0
2022,Pooecetes gramineus,1,1,0,0,0,0,0,0,0,0,0,0
2022,Pituophis catenifer affinis,0,0,0,0,0,0,1,0,0,0,0,0
