"plot","Baiomys_taylori","Dipodomys_merriami","Dipodomys_ordii","Dipodomys_spectabilis","Neotoma_albigula","Onychomys_leucogaster","Onychomys_torridus","Chaetodipus_baileyi","Peromyscus_eremicus","Perognathus_flavus","Chaetodipus_hispidus","Chaetodipus_intermedius","Peromyscus_leucopus","Peromyscus_maniculatus","Chaetodipus_penicillatus","Reithrodontomys_fulvescens","Reithrodontomys_megalotis","Reithrodontomys_montanus","Sigmodon_fulviventer","Sigmodon_hispidus","Sigmodon_ochrognathus"
3,0,0,0,0,0,0,0,31,0,0,0,0,0,0,1,0,0,0,0,1,0
6,0,0,0,0,0,0,1,18,0,0,0,0,0,0,7,0,0,0,0,3,0
13,0,0,0,0,0,0,2,16,0,1,0,0,0,0,3,0,0,0,0,7,0
15,0,0,0,0,0,0,2,11,1,1,0,0,0,0,9,0,0,0,0,2,0
18,0,0,0,0,0,0,0,14,0,0,0,0,0,0,8,0,1,0,0,3,0
19,0,0,0,0,0,0,0,12,3,0,0,0,0,0,5,0,0,0,0,3,0
20,0,0,0,0,1,0,1,17,2,1,0,0,0,0,1,0,0,0,0,3,0
21,0,0,0,0,0,0,3,22,0,0,0,0,0,0,5,0,0,0,0,0,0
